MeetingId,MeetingDate,Track,RaceNumber,TabNo,Runner,Position,Margin
88421,2026-08-09,Flemington,1,10,Steel Road,1,0
88421,2026-08-09,Flemington,1,13,Lucky Thirteen,2,0.5
88421,2026-08-09,Flemington,1,1,Fast Bolt,3,1.2
88421,2026-08-09,Flemington,1,11,Copper Queen,4,2.0
88421,2026-08-09,Flemington,1,12,Midnight Oil,5,3.1
88421,2026-08-09,Flemington,2,13,Golden Mile,1,0
88421,2026-08-09,Flemington,2,1,Harbour Mist,2,0.8
88421,2026-08-09,Flemington,2,10,Night Parade,3,1.5
88421,2026-08-09,Flemington,2,3,River Dance,4,2.4
